{
    "train_losses": [
        0.34344477860220185,
        0.26870751274287047,
        0.2533796563541496,
        0.2439604767731258,
        0.23298418154428294,
        0.2277066933977735,
        0.2236557383104995,
        0.22215932722406073,
        0.21611701128509017,
        0.21766449657377307,
        0.21420328821061732,
        0.21371663762972906,
        0.21129239106047285,
        0.2106216191983485,
        0.20863437951528108,
        0.20703936014725613,
        0.20617726486069815,
        0.2068382535452371,
        0.20469529827479477,
        0.20288665974926162,
        0.20364094462892512,
        0.20340629789593456,
        0.20340133605815552,
        0.200745239510641,
        0.20042847717594314,
        0.1984766006574526,
        0.19853645153229052,
        0.19761554694044722,
        0.19565312991692468,
        0.1949995843892569,
        0.1940411350438883,
        0.1933060316476193,
        0.19185501376351158,
        0.19111292749577827,
        0.19035269407780617,
        0.18963628191345341,
        0.18861871267282046,
        0.18965646251479348,
        0.18728226618583385,
        0.18827715651412585,
        0.18660653017510426,
        0.18687419857821622,
        0.18623594486058415,
        0.1851459282872441,
        0.1851487126822,
        0.18484646928310394,
        0.1851792073734514,
        0.1836200101847177,
        0.18379992116545582,
        0.18489080941153097
    ],
    "val_losses": [
        0.2132761033635873,
        0.20792445278320557,
        0.19771138815237926,
        0.20333828409054341,
        0.19893474317819645,
        0.2185535061649787,
        0.20967843975776282,
        0.20033609704329416,
        0.19395414284406565,
        0.20092882970510384,
        0.19357778453215574,
        0.20072123073308895,
        0.19590886851763115,
        0.19491724968109375,
        0.1948742273908395,
        0.19412546914510237,
        0.19371040163437525,
        0.19565440189074249,
        0.19165408048262964,
        0.19356946288775176,
        0.19609366172704942,
        0.197494982057657,
        0.19563878460419484,
        0.19934242368202942,
        0.1962504591345787,
        0.19837233211902472,
        0.19779831028901615,
        0.1944694719177026,
        0.19525760728732133,
        0.196508201278173,
        0.1938670198229643,
        0.19845670264959336,
        0.19447622913122178,
        0.1956870781840422,
        0.19571419414954308,
        0.20023667742655826,
        0.20027669935960035,
        0.19503623357033117,
        0.1964583414319234,
        0.1958459921922439,
        0.19827534512373118,
        0.19707398422559103,
        0.19956757954603588,
        0.19768882086796638,
        0.19682981788195097,
        0.19814931894112855,
        0.1975065621580833,
        0.19813898708117314,
        0.19871772278272187,
        0.1983834073818647
    ],
    "best_val_r2": 0.9134607102145375,
    "best_val_loss": 0.19165408048262964
}